NFL,David Johnson,RB,Arizona Cardinals
NFL,Le'Veon Bell,RB,Pittsburgh Steelers
NFL,Antonio Brown,WR,Pittsburgh Steelers
NFL,Julio Jones,WR,Atlanta Falcons
NFL,Odell Beckham Jr.,WR,New York Giants
NFL,LeSean McCoy,RB,Buffalo Bills
NFL,A.J. Green,WR,Cincinnati Bengals
NFL,Mike Evans,WR,Tampa Bay Buccaneers
NFL,Melvin Gordon,RB,Los Angeles Chargers
NFL,Devonta Freeman,RB,Atlanta Falcons
NFL,Jordy Nelson,WR,Green Bay Packers
NFL,DeMarco Murray,RB,Tennessee Titans
NFL,Jay Ajayi,RB,Miami Dolphins
NFL,Michael Thomas,WR,New Orleans Saints
NFL,Jordan Howard,RB,Chicago Bears
NFL,Doug Baldwin,WR,Seattle Seahawks
NFL,Dez Bryant,WR,Dallas Cowboys
NFL,Amari Cooper,WR,Oakland Raiders
NFL,Todd Gurley,RB,Los Angeles Rams
NFL,Brandin Cooks,WR,New England Patriots
NFL,T.Y. Hilton,WR,Indianapolis Colts
NFL,Rob Gronkowski,TE,New England Patriots
NFL,Demaryius Thomas,WR,Denver Broncos
NFL,DeAndre Hopkins,WR,Houston Texans
NFL,Isaiah Crowell,RB,Cleveland Browns
NFL,Keenan Allen,WR,Los Angeles Chargers
NFL,Leonard Fournette,RB,Jacksonville Jaguars
NFL,Travis Kelce,TE,Kansas City Chiefs
NFL,Ezekiel Elliott,RB,Dallas Cowboys
NFL,Lamar Miller,RB,Houston Texans
NFL,Alshon Jeffery,WR,Philadelphia Eagles
NFL,Terrelle Pryor,WR,Washington Redskins
NFL,Michael Crabtree,WR,Oakland Raiders
NFL,Larry Fitzgerald,WR,Arizona Cardinals
NFL,Dalvin Cook,RB,Minnesota Vikings
NFL,Allen Robinson,WR,Jacksonville Jaguars
NFL,Golden Tate,WR,Detroit Lions
NFL,Christian McCaffrey,RB,Carolina Panthers
NFL,Aaron Rodgers,QB,Green Bay Packers
NFL,Kareem Hunt,RB,Kansas City Chiefs
NFL,Davante Adams,WR,Green Bay Packers
NFL,Carlos Hyde,RB,San Fransisco 49ers
NFL,Tom Brady,QB,New England Patriots
NFL,Ty Montgomery,RB,Green Bay Packers
NFL,Marshawn Lynch,RB,Oakland Raiders
NFL,Greg Olsen,TE,Carolina Panthers
NFL,Jarvis Landry,WR,Miami Dolphins
NFL,Drew Brees,QB,New Orleans Saints
NFL,Jordan Reed,TE,Washington Redskins
NFL,Stefon Diggs,WR,Minnesota Vikings
NFL,Mark Ingram,RB,New Orleans Saints
NFL,Emmanuel Sanders,WR,Denver Broncos
NFL,Joe Mixon,RB,Cincinnati Bengals
NFL,Bilal Powell,RB,New York Jets
NFL,Tyreek Hill,WR,Kansas City Chiefs
NFL,Sammy Watkins,WR,Los Angeles Rams
NFL,Danny Woodhead,RB,Baltimore Ravens
NFL,Jamison Crowder,WR,Washington Redskins
NFL,Jimmy Graham,TE,Seattle Seahawks
NFL,C.J. Anderson,RB,Denver Broncos
NFL,Martavis Bryant,WR,Pittsburgh Steelers
NFL,Kelvin Benjamin,WR,Carolina Panthers
NFL,Ameer Abdullah,RB,Detroit Lions
NFL,Russell Wilson,QB,Seattle Seahawks
NFL,Matt Ryan,QB,Atlanta Falcons
NFL,Willie Snead,WR,New Orleans Saints
NFL,Tevin Coleman,RB,Atlanta Falcons
NFL,Pierre Garcon,WR,San Fransisco 49ers
NFL,Brandon Marshall,WR,New York Giants
NFL,Kyle Rudolph,TE,Minnesota Vikings
NFL,Tyler Eifert,TE,Cincinnati Bengals
NFL,Frank Gore,RB,Indianapolis Colts
NFL,Jeremy Maclin,WR,Baltimore Ravens
NFL,Devante Parker,WR,Miami Dolphins
NFL,Kirk Cousins,QB,Washington Redskins
NFL,Theo Riddick,RB,Detroit Lions
NFL,Zach Ertz,TE,Philadelphia Eagles
NFL,Delanie Walker,TE,Tennessee Titans
NFL,Mike Gillislee,RB,New England Patriots
NFL,Marcus Mariota,QB,Tennessee Titans
NFL,Donte Moncrief,WR,Indianapolis Colts
NFL,Andrew Luck,QB,Indianapolis Colts
NFL,DeSean Jackson,WR,Tampa Bay Buccaneers
NFL,Duke Johnson,RB,Cleveland Browns
NFL,Jameis Winston,QB,Tampa Bay Buccaneers
NFL,Doug Martin,RB,Tampa Bay Buccaneers
NFL,Cam Newton,QB,Carolina Panthers
NFL,Adrian Peterson,RB,New Orleans Saints
NFL,Tyrell Williams,WR,Los Angeles Chargers
NFL,Eric Decker,WR,Tennessee Titans
NFL,Paul Perkins,RB,New York Giants
NFL,Terrance West,RB,Baltimore Ravens
NFL,Randall Cobb,WR,Green Bay Packers
NFL,Kenny Britt,WR,Cleveland Browns
NFL,Martellus Bennett,TE,Green Bay Packers
NFL,Derek Carr,QB,Oakland Raiders
NFL,Jordan Matthews,WR,Buffalo Bills
NFL,Adam Thielen,WR,Minnesota Vikings
NFL,Ben Roethlisberger,QB,Pittsburgh Steelers
NFL,Mike Wallace,WR,Baltimore Ravens
NFL,James White,RB,New England Patriots
NFL,Eric Ebron,TE,Detroit Lions
NFL,Robert Kelley,RB,Washington Redskins
NFL,Dak Prescott,QB,Dallas Cowboys
NFL,Corey Coleman,WR,Cleveland Browns
NFL,Philip Rivers,QB,Los Angeles Chargers
NFL,Matthew Stafford,QB,Detroit Lions
NFL,Derrick Henry,RB,Tennessee Titans
NFL,Hunter Henry,TE,Los Angeles Chargers
NFL,Darren Sproles,RB,Philadelphia Eagles
NFL,C.J. Prosise,RB,Seattle Seahawks
NFL,Matt Forte,RB,New York Jets
NFL,LeGarrette Blount,RB,Philadelphia Eagles
NFL,John Brown,WR,Arizona Cardinals
NFL,Jack Doyle,TE,Indianapolis Colts
NFL,Rishard Matthews,WR,Tennessee Titans
NFL,Eddie Lacy,RB,Seattle Seahawks
NFL,Jonathan Stewart,RB,Carolina Panthers
NFL,Marvin Jones,WR,Detroit Lions
NFL,Andy Dalton,QB,Cincinnati Bengals
NFL,Darren McFadden,RB,Dallas Cowboys
NFL,Corey Davis,WR,Tennessee Titans
NFL,Jason Witten,TE,Dallas Cowboys
NFL,Chris Hogan,WR,New England Patriots
NFL,Kevin White,WR,Chicago Bears
NFL,Eli Manning,QB,New York Giants
NFL,Thomas Rawls,RB,Seattle Seahawks
NFL,Ted Ginn,WR,New Orleans Saints
NFL,Giovani Bernard,RB,Cincinnati Bengals
NFL,Coby Fleener,TE,New Orleans Saints
NFL,Zay Jones,WR,Buffalo Bills
NFL,Tyrod Taylor,QB,Buffalo Bills
NFL,Sterling Shepard,WR,New York Giants
NFL,Austin Hooper,TE,Atlanta Falcons
NFL,Carson Palmer,QB,Arizona Cardinals
NFL,Jacquizz Rodgers,RB,Tampa Bay Buccaneers
NFL,Carson Wentz,QB,Philadelphia Eagles
NFL,Denver Broncos,DST,Denver Broncos
NFL,C.J. Fiedorowicz,TE,Houston Texans
NFL,Rex Burkhead,RB,New England Patriots
NFL,Cole Beasley,WR,Dallas Cowboys
NFL,Robby Anderson,WR,New York Jets
NFL,Chris Thompson,RB,Washington Redskins
NFL,Samaje Perine,RB,Washington Redskins
NFL,Cameron Brate,TE,Tampa Bay Buccaneers
NFL,Houston Texans,DST,Houston Texans
NFL,Seattle Seahawks,DST,Seattle Seahawks
NFL,Shane Vereen,RB,New York Giants
NFL,Josh Doctson,WR,Washington Redskins
NFL,Julius Thomas,TE,Miami Dolphins
NFL,Jeremy Hill,RB,Cincinnati Bengals
NFL,Tyler Lockett,WR,Seattle Seahawks
NFL,Kansas City Chiefs,DST,Kansas City Chiefs
NFL,Alvin Kamara,RB,New Orleans Saints
NFL,Jamaal Charles,RB,Denver Broncos
NFL,Jamaal Williams,RB,Green Bay Packers
NFL,Latavius Murray,RB,Minnesota Vikings
NFL,Marqise Lee,WR,Jacksonville Jaguars
NFL,Antonio Gates,TE,Los Angeles Chargers
NFL,Kenny Stills,WR,Miami Dolphins
NFL,Minnesota Vikings,DST,Minnesota Vikings
NFL,Arizona Cardinals,DST,Arizona Cardinals
NFL,Cooper Kupp,WR,Los Angeles Rams
NFL,Breshad Perriman,WR,Baltimore Ravens
NFL,Kenny Golladay,WR,Detroit Lions
NFL,DeAndre Washington,RB,Oakland Raiders
NFL,Robert Woods,WR,Los Angeles Rams
NFL,Joe Flacco,QB,Baltimore Ravens
NFL,Stephen Gostkowski,K,New England Patriots
NFL,New England Patriots,DST,New England Patriots
NFL,Justin Tucker,K,Baltimore Ravens
NFL,Charles Sims,RB,Tampa Bay Buccaneers
NFL,Marlon Mack,RB,Indianapolis Colts
NFL,Jared Cook,TE,Oakland Raiders
NFL,Sam Bradford,QB,Minnesota Vikings
NFL,Kendall Wright,WR,Chicago Bears
NFL,Dion Lewis,RB,New England Patriots
NFL,Evan Engram,TE,New York Giants
NFL,O.J. Howard,TE,Tampa Bay Buccaneers
NFL,Blake Bortles,QB,Jacksonville Jaguars
NFL,Jay Cutler,QB,Miami Dolphins
NFL,Mohamed Sanu,WR,Atlanta Falcons
NFL,Taylor Gabriel,WR,Atlanta Falcons
NFL,J.J. Nelson,WR,Arizona Cardinals
NFL,John Ross,WR,Cincinnati Bengals
NFL,Jonathan Williams,RB,Buffalo Bills
NFL,Charles Clay,TE,Buffalo Bills
NFL,Devin Funchess,WR,Carolina Panthers
NFL,Carolina Panthers,DST,Carolina Panthers
NFL,Matt Bryant,K,Atlanta Falcons
NFL,Dan Bailey,K,Dallas Cowboys
NFL,D'Onta Foreman,RB,Houston Texans
NFL,New York Giants,DST,New York Giants
NFL,Alex Smith,QB,Kansas City Chiefs
NFL,David Njoku,TE,Cleveland Browns
NFL,Allen Hurns,WR,Jacksonville Jaguars
NFL,Mason Crosby,K,Green Bay Packers
NFL,Jalen Richard,RB,Oakland Raiders
NFL,Wendell Smallwood,RB,Philadelphia Eagles
NFL,Torrey Smith,WR,Philadelphia Eagles
NFL,Nelson Agholor,WR,Philadelphia Eagles
NFL,Joe Williams,RB,San Fransisco 49ers
NFL,Danny Amendola,WR,New England Patriots
NFL,T.J. Yeldon,RB,Jacksonville Jaguars
NFL,Malcolm Mitchell,WR,New England Patriots
NFL,Zach Miller,TE,Chicago Bears
NFL,Tavon Austin,WR,Los Angeles Rams
NFL,Austin Seferian-Jenkins,TE,New York Jets
NFL,Charcandrick West,RB,Kansas City Chiefs
NFL,Jacksonville Jaguars,DST,Jacksonville Jaguars
NFL,Chris Conley,WR,Kansas City Chiefs
NFL,Adam Vinatieri,K,Indianapolis Colts
NFL,Mike Williams,WR,Los Angeles Chargers
NFL,Los Angeles Rams,DST,Los Angeles Rams
NFL,Robert Turbin,RB,Indianapolis Colts
NFL,Jerick McKinnon,RB,Minnesota Vikings
NFL,Will Fuller,WR,Houston Texans
NFL,Tim Hightower,RB,San Fransisco 49ers
NFL,Chris Carson,RB,Seattle Seahawks
NFL,Devontae Booker,RB,Denver Broncos
NFL,Brian Hoyer,QB,San Fransisco 49ers
NFL,Jesse James,TE,Pittsburgh Steelers
NFL,Dwayne Allen,TE,New England Patriots
NFL,Matt Prater,K,Detroit Lions
NFL,Vance McDonald,TE,Pittsburgh Steelers
NFL,Benjamin Watson,TE,Baltimore Ravens
NFL,Paul Richardson,WR,Seattle Seahawks
NFL,Philadelphia Eagles,DST,Philadelphia Eagles
NFL,Cincinnati Bengals,DST,Cincinnati Bengals
NFL,Tyler Boyd,WR,Cincinnati Bengals
NFL,Baltimore Ravens,DST,Baltimore Ravens
NFL,Pittsburgh Steelers,DST,Pittsburgh Steelers
NFL,Cairo Santos,K,Kansas City Chiefs
NFL,Steven Hauschka,K,Buffalo Bills
NFL,Dustin Hopkins,K,Washington Redskins
NFL,Deshaun Watson,QB,Houston Texans
NFL,De'Angelo Henderson,RB,Denver Broncos
NFL,Trevor Siemian,QB,Denver Broncos
NFL,Kyle Juszczyk,RB,San Fransisco 49ers
NFL,James Conner,RB,Pittsburgh Steelers
NFL,Jeremy Kerley,WR,San Fransisco 49ers
NFL,ArDarius Stewart,WR,New York Jets
NFL,Marquise Goodwin,WR,San Fransisco 49ers
NFL,Eli Rogers,WR,Pittsburgh Steelers
NFL,Curtis Samuel,WR,Carolina Panthers
NFL,Chris Boswell,K,Pittsburgh Steelers
NFL,Los Angeles Chargers,DST,Los Angeles Chargers
NFL,Jaron Brown,WR,Arizona Cardinals
NFL,Jared Goff,QB,Los Angeles Rams
NFL,Will Lutz,K,New Orleans Saints
NFL,Brandon LaFell,WR,Cincinnati Bengals
NFL,Sebastian Janikowski,K,Oakland Raiders
NFL,Tyler Higbee,TE,Los Angeles Rams
NFL,Terrance Williams,WR,Dallas Cowboys
NFL,Jermaine Gresham,TE,Arizona Cardinals
NFL,Braxton Miller,WR,Houston Texans
NFL,Chris Ivory,RB,Jacksonville Jaguars
NFL,Laquon Treadwell,WR,Minnesota Vikings
NFL,Tarik Cohen,RB,Chicago Bears
NFL,Atlanta Falcons,DST,Atlanta Falcons
NFL,Graham Gano,K,Carolina Panthers
NFL,Tampa Bay Buccaneers,DST,Tampa Bay Buccaneers
NFL,Orleans Darkwa,RB,New York Giants
NFL,Travis Benjamin,WR,Los Angeles Chargers
NFL,Buffalo Bills,DST,Buffalo Bills
NFL,Oakland Raiders,DST,Oakland Raiders
NFL,Alfred Morris,RB,Dallas Cowboys
NFL,Brandon McManus,K,Denver Broncos
NFL,Matt Breida,RB,San Fransisco 49ers
NFL,Ryan Mathews,RB,FA
NFL,Aaron Jones,RB,Green Bay Packers
NFL,Tennessee Titans,DST,Tennessee Titans
NFL,Michael Floyd,WR,Minnesota Vikings
NFL,JuJu Smith-Schuster,WR,Pittsburgh Steelers
NFL,Jeremy McNichols,RB,Tampa Bay Buccaneers
NFL,Dion Sims,TE,Chicago Bears
NFL,Tom Savage,QB,Houston Texans
NFL,DeShone Kizer,QB,Cleveland Browns
NFL,Green Bay Packers,DST,Green Bay Packers
NFL,Chandler Catanzaro,K,New York Jets
NFL,Mike Glennon,QB,Chicago Bears
NFL,Will Tye,TE,New York Giants
NFL,Zach Zenner,RB,Detroit Lions
NFL,Mitch Trubisky,QB,Chicago Bears
NFL,Maxx Williams,TE,Baltimore Ravens
NFL,Miami Dolphins,DST,Miami Dolphins
NFL,Erik Swoope,TE,Indianapolis Colts
NFL,Mychal Rivera,TE,Jacksonville Jaguars
NFL,Seth Roberts,WR,Oakland Raiders
NFL,Adam Humphries,WR,Tampa Bay Buccaneers
NFL,Gerald Everett,TE,Los Angeles Rams
NFL,Javorius Allen,RB,Baltimore Ravens
NFL,Markus Wheaton,WR,Chicago Bears
NFL,Indianapolis Colts,DST,Indianapolis Colts
NFL,Vernon Davis,TE,Washington Redskins
NFL,Victor Cruz,WR,Chicago Bears
NFL,Chris Godwin,WR,Tampa Bay Buccaneers
NFL,Wayne Gallman,RB,New York Giants
NFL,Taywan Taylor,WR,Tennessee Titans
NFL,Jaelen Strong,WR,Houston Texans
NFL,Branden Oliver,RB,Los Angeles Chargers
NFL,Blair Walsh,K,Seattle Seahawks
NFL,Caleb Sturgis,K,Philadelphia Eagles
NFL,Jeremy Langford,RB,Chicago Bears
NFL,Nick Novak,K,Houston Texans
NFL,Roberto Aguayo,K,Chicago Bears
NFL,New York Jets,DST,New York Jets
NFL,Mike Nugent,K,New York Giants
NFL,Charone Peake,WR,New York Jets
NFL,Jermaine Kearse,WR,Seattle Seahawks
NFL,A.J. Derby,TE,Denver Broncos
NFL,Gary Barnidge,TE,FA
NFL,Jimmy Garoppolo,QB,New England Patriots
NFL,Kenyan Drake,RB,Miami Dolphins
NFL,Chicago Bears,DST,Chicago Bears
NFL,Nick Folk,K,Tampa Bay Buccaneers
NFL,Brandon Coleman,WR,New Orleans Saints
NFL,Washington Redskins,DST,Washington Redskins
NFL,Jonnu Smith,TE,Tennessee Titans
NFL,Phil Dawson,K,Arizona Cardinals
NFL,Josh Lambo,K,Los Angeles Chargers
NFL,Dede Westbrook,WR,Jacksonville Jaguars
NFL,Chad Williams,WR,Arizona Cardinals
NFL,Ladarius Green,TE,FA
NFL,Josh McCown,QB,New York Jets
NFL,Jordan Leggett,TE,New York Jets
NFL,Alfred Blue,RB,Houston Texans
NFL,Trey Burton,TE,Philadelphia Eagles
NFL,Tajae Sharpe,WR,Tennessee Titans
NFL,Andre Ellington,RB,Arizona Cardinals
NFL,Kasen Williams,WR,Seattle Seahawks
NFL,Virgil Green,TE,Denver Broncos
NFL,Seth DeValve,TE,Cleveland Browns
NFL,Lance Dunbar,RB,Los Angeles Rams
NFL,Nick Boyle,TE,Baltimore Ravens
NFL,Benny Cunningham,RB,Chicago Bears
NFL,Matt Jones,RB,Washington Redskins
NFL,Deonte Thompson,WR,Chicago Bears
NFL,Phillip Dorsett,WR,Indianapolis Colts
NFL,Chris Johnson,RB,Arizona Cardinals
NFL,George Kittle,TE,San Fransisco 49ers
NFL,Paxton Lynch,QB,Denver Broncos
NFL,Brian Quick,WR,Washington Redskins
NFL,Aldrick Robinson,WR,San Fransisco 49ers
NFL,Kenneth Farrow,RB,Los Angeles Chargers
NFL,Brock Osweiler,QB,Cleveland Browns
NFL,Rashard Higgins,WR,Cleveland Browns
NFL,Dallas Cowboys,DST,Dallas Cowboys
NFL,Larry Donnell,TE,Baltimore Ravens
NFL,Xavier Grimble,TE,Pittsburgh Steelers
NFL,Albert Wilson,WR,Kansas City Chiefs
NFL,Carlos Henderson,WR,Denver Broncos
NFL,Luke Willson,TE,Seattle Seahawks
NFL,Jalin Marshall,WR,New York Jets
NFL,Ryan Switzer,WR,Dallas Cowboys
NFL,Malcolm Brown,RB,Los Angeles Rams
NFL,Cody Kessler,QB,Cleveland Browns
NFL,Aldrick Rosas,K,New York Giants
NFL,Robbie Gould,K,San Fransisco 49ers
NFL,Ryan Succop,K,Tennessee Titans
NFL,Garrett Celek,TE,San Fransisco 49ers
NFL,Josh Gordon,WR,Cleveland Browns
NFL,Detroit Lions,DST,Detroit Lions
NFL,Dontrelle Inman,WR,Los Angeles Chargers
NFL,Jason Myers,K,Jacksonville Jaguars
NFL,Clive Walford,TE,Oakland Raiders
NFL,Josh Hill,TE,New Orleans Saints
NFL,New Orleans Saints,DST,New Orleans Saints
NFL,Cleveland Browns,DST,Cleveland Browns
NFL,Lance Kendricks,TE,Green Bay Packers
NFL,Ronnie Hillman,RB,Dallas Cowboys
NFL,Andre Holmes,WR,Buffalo Bills
NFL,Ryan Griffin,TE,Houston Texans
NFL,Damien Williams,RB,Miami Dolphins
NFL,C.J. Spiller,RB,Kansas City Chiefs
NFL,Kamar Aiken,WR,Indianapolis Colts
NFL,Adam Shaheen,TE,Chicago Bears
NFL,Mike Tolbert,RB,Buffalo Bills
NFL,Dorial Green-Beckham,WR,FA
NFL,Leonte Carroo,WR,Miami Dolphins
NFL,Pharoh Cooper,WR,Los Angeles Rams
NFL,Travaris Cadet,RB,New Orleans Saints
NFL,Elijah Hood,RB,Oakland Raiders
NFL,Dwayne Washington,RB,Detroit Lions
NFL,Donnel Pumphrey,RB,Philadelphia Eagles
NFL,Rico Gathers,TE,Dallas Cowboys
NFL,Chester Rogers,WR,Indianapolis Colts
NFL,Matt Moore,QB,Miami Dolphins
NFL,Cordarrelle Patterson,WR,Oakland Raiders
NFL,Corey Clement,RB,Philadelphia Eagles
NFL,DeAngelo Williams,RB,FA
NFL,Geronimo Allison,WR,Green Bay Packers
NFL,Elijah McGuire,RB,New York Jets
NFL,C.J. Uzomah,TE,Cincinnati Bengals
NFL,Rashad Jennings,RB,FA
NFL,Brian Hill,RB,Atlanta Falcons
NFL,Wendall Williams,WR,Houston Texans
NFL,Niles Paul,TE,Washington Redskins
NFL,Cameron Artis-Payne,RB,Carolina Panthers
NFL,Kerwynn Williams,RB,Arizona Cardinals
NFL,Jeff Janis,WR,Green Bay Packers
NFL,Fitzgerald Toussaint,RB,Pittsburgh Steelers
NFL,Sammie Coates,WR,Pittsburgh Steelers
NFL,Shaun Draughn,RB,New York Giants
NFL,Justin Hunter,WR,Pittsburgh Steelers
NFL,Josh Reynolds,WR,Los Angeles Rams
NFL,Matt Asiata,RB,Detroit Lions
MLB,Mike Trout,"CF,DH",Los Angeles Angels of Anaheim
MLB,Paul Goldschmidt,1B,Arizona Diamondbacks
MLB,Jose Altuve,2B,Houston Astros
MLB,Nolan Arenado,3B,Colorado Rockies
MLB,Charlie Blackmon,CF,Colorado Rockies
MLB,Giancarlo Stanton,RF,Miami Marlins
MLB,Max Scherzer,SP,Washington Nationals
MLB,Chris Sale,SP,Boston Red Sox
MLB,Manny Machado,"3B,SS",Baltimore Orioles
MLB,Joey Votto,1B,Cincinnati Reds
MLB,Kris Bryant,"1B,3B,LF,RF",Chicago Cubs
MLB,Clayton Kershaw,SP ,Los Angeles Dodgers
MLB,Anthony Rizzo,"1B,2B",Chicago Cubs
MLB,Mookie Betts,RF,Boston Red Sox
MLB,Corey Kluber,SP,Cleveland Indians
MLB,Freddie Freeman,"1B,3B",Atlanta Braves
MLB,Corey Seager,SS,Los Angeles Dodgers
MLB,George Springer,"CF,RF",Houston Astros
MLB,Edwin Encarnacion,"1B,DH",Cleveland Indians
MLB,Nelson Cruz,"RF,DH",Seattle Mariners
MLB,J.D. Martinez,RF,Arizona Diamondbacks
MLB,Jose Abreu,"1B,DH",Chicago White Sox
MLB,Daniel Murphy,"1B,2B",Washington Nationals
MLB,Aaron Judge,"RF,DH",New Yorks Yankees
MLB,Andrew McCutchen,"CF,RF",Pittsburgh Steelers
MLB,Robinson Cano,2B,Seattle Mariners
MLB,Josh Donaldson,"3B,DH",Toronto Blue Jays
MLB,Francisco Lindor,SS,Cleveland Indians
MLB,Cody Bellinger,"1B,LF,RF ",Los Angeles Dodgers
MLB,Yu Darvish,SP,Los Angeles Dodgers
MLB,Miguel Cabrera,"1B,DH",Detroit Tigers
MLB,Anthony Rendon,3B,Washington Nationals
MLB,Justin Upton,"LF,CF",Detroit Tigers
MLB,Ryan Braun,LF,Milwaukee Brewers
MLB,Zack Greinke,SP,Arizona Diamondbacks
MLB,Christian Yelich,"LF,CF",Miami Marlins
MLB,A.J. Pollock,CF,Arizona Diamondbacks
MLB,Jose Ramirez,"2B,3B,LF",Cleveland Indians
MLB,Adrian Beltre,"3B,DH",Texas Rangers
MLB,Ryan Zimmerman,1B,Washington Nationals
MLB,Dee Gordon,2B,Miami Marlins
MLB,Marcell Ozuna,"LF,CF,RF",Miami Marlins
MLB,Madison Bumgarner,SP,San Fransisco Giants
MLB,Buster Posey,"C,1B,DH",San Fransisco Giants
MLB,Carlos Correa,SS ,Houston Astros
MLB,Jacob deGrom,SP,New Yorks Mets
MLB,Chris Archer,SP,Tampa Bay Rays
MLB,Jake Arrieta,SP,Chicago Cubs
MLB,Carlos Carrasco,SP,Cleveland Indians
MLB,Kenley Jansen,RP,Los Angeles Dodgers
MLB,Carlos Martinez,SP,St. Louis Cardinals
MLB,Jonathan Schoop,2B,Baltimore Orioles
MLB,Miguel Sano,"1B,3B,RF,DH ",Minnesota Twins
MLB,Stephen Strasburg,SP,Washington Nationals
MLB,Brian Dozier,2B,Minnesota Twins
MLB,Elvis Andrus,SS,Texas Rangers
MLB,Justin Turner,3B,Los Angeles Dodgers
MLB,Dallas Keuchel,SP,Houston Astros
MLB,Matt Carpenter,"1B,2B,3B",St. Louis Cardinals
MLB,Wil Myers,"1B,RF",San Diego Padres
MLB,Billy Hamilton,CF,Cincinnati Reds
MLB,DJ LeMahieu,2B,Colorado Rockies
MLB,Gary Sanchez,"C,DH",New Yorks Yankees
MLB,Trea Turner,"2B,SS,CF",Washington Nationals
MLB,Kyle Seager,3B,Seattle Mariners
MLB,Jake Lamb,3B,Arizona Diamondbacks
MLB,Craig Kimbrel,RP,Boston Red Sox
MLB,Bryce Harper,RF ,Washington Nationals
MLB,Andrew Benintendi,"LF,CF",Boston Red Sox
MLB,Justin Verlander,SP,Detroit Tigers
MLB,Adam Jones,CF,Baltimore Orioles
MLB,Khris Davis,"LF,DH",Oakland A's
MLB,Jean Segura,"2B,SS",Seattle Mariners
MLB,Wade Davis,RP,Chicago Cubs
MLB,Alex Wood,"SP,RP ",Los Angeles Dodgers
MLB,Robbie Ray,SP,Arizona Diamondbacks
MLB,Evan Longoria,"3B,DH",Tampa Bay Rays
MLB,Jose Quintana,SP,Chicago Cubs
MLB,Xander Bogaerts,SS,Boston Red Sox
MLB,Eric Hosmer,1B,Kansas City Royals
MLB,Aaron Nola,SP,Philadelphia Phillies
MLB,Lorenzo Cain,"CF,RF",Kansas City Royals
MLB,Roberto Osuna,RP,Toronto Blue Jays
MLB,Salvador Perez,"C,DH",Kansas City Royals
MLB,Justin Smoak,1B,Toronto Blue Jays
MLB,James Paxton,SP ,Seattle Mariners
MLB,Matt Kemp,"LF,RF,DH",Atlanta Braves
MLB,Hanley Ramirez,"1B,DH",Boston Red Sox
MLB,Mike Moustakas,"3B,DH",Kansas City Royals
MLB,Cole Hamels,SP,Texas Rangers
MLB,Corey Dickerson,"LF,DH",Tampa Bay Rays
MLB,Marcus Stroman,SP,Toronto Blue Jays
MLB,Carlos Gonzalez,RF,Colorado Rockies
MLB,Rougned Odor,2B,Texas Rangers
MLB,Mark Trumbo,"RF,DH",Baltimore Orioles
MLB,Gerrit Cole,SP,Pittsburgh Steelers
MLB,Starling Marte,"LF,CF",Pittsburgh Steelers
MLB,Jon Lester,SP ,Chicago Cubs
MLB,Rich Hill,SP,Los Angeles Dodgers
MLB,Cody Allen,RP,Cleveland Indians
MLB,Gregory Polanco,"LF,RF,CF ",Pittsburgh Steelers
MLB,Odubel Herrera,CF ,Philadelphia Phillies
MLB,Chris Davis,1B,Baltimore Orioles
MLB,Jay Bruce,"1B,RF",Cleveland Indians
MLB,Eric Thames,"1B,LF,RF",Milwaukee Brewers
MLB,Danny Salazar,SP ,Cleveland Indians
MLB,Kenneth Giles,RP,Houston Astros
MLB,Michael Fulmer,SP,Detroit Tigers
MLB,Johnny Cueto,SP ,San Fransisco Giants
MLB,Aroldis Chapman,RP,New Yorks Yankees
MLB,Greg Holland,RP,Colorado Rockies
MLB,Kelvin Herrera,RP,Kansas City Royals
MLB,Alex Bregman,"3B,SS",Houston Astros
MLB,Masahiro Tanaka,SP,New Yorks Yankees
MLB,Edwin Diaz,RP,Seattle Mariners
MLB,Chris Taylor,"2B,3B,SS,LF,CF",Los Angeles Dodgers
MLB,Ian Desmond,"1B,LF,CF",Colorado Rockies
MLB,Ian Kinsler,2B,Detroit Tigers
MLB,Jose Bautista,"RF,3B,DH",Toronto Blue Jays
MLB,Mark Melancon,RP,San Fransisco Giants
MLB,Alexander Colome,RP,Tampa Bay Rays
MLB,Adam Duvall,"LF,RF",Cincinnati Reds
MLB,Danny Duffy,"SP,RP ",Kansas City Royals
MLB,Jason Kipnis,2B ,Cleveland Indians
MLB,Todd Frazier,"1B,3B,DH",New Yorks Yankees
MLB,Gio Gonzalez,SP,Washington Nationals
MLB,Trevor Story,SS,Colorado Rockies
MLB,Luis Severino,"SP,RP",New Yorks Yankees
MLB,Rhys Hoskins,"1B,LF",Philadelphia Phillies
MLB,Lance McCullers,SP ,Houston Astros
MLB,Nomar Mazara,"LF,RF,DH",Texas Rangers
MLB,Zach Britton,RP,Baltimore Orioles
MLB,Ender Inciarte,"LF,CF",Atlanta Braves
MLB,Jeff Samardzija,SP,San Fransisco Giants
MLB,Kole Calhoun,RF,Los Angeles Angels of Anaheim
MLB,Jake Odorizzi,SP,Tampa Bay Rays
MLB,Jameson Taillon,SP,Pittsburgh Steelers
MLB,Marwin Gonzalez,"1B,2B,3B,SS,LF",Houston Astros
MLB,Sean Manaea,SP,Oakland A's
MLB,Eduardo Nunez,"2B,3B,SS,LF",Boston Red Sox
MLB,Kevin Gausman,SP,Baltimore Orioles
MLB,David Peralta,"LF,RF",Arizona Diamondbacks
MLB,Maikel Franco,3B,Philadelphia Phillies
MLB,Josh Reddick,"LF,CF,RF",Houston Astros
MLB,Dustin Pedroia,2B ,Boston Red Sox
MLB,Dellin Betances,RP,New Yorks Yankees
MLB,Carlos Santana,"1B,RF,DH",Cleveland Indians
MLB,Byron Buxton,CF,Minnesota Twins
MLB,Corey Knebel,RP,Milwaukee Brewers
MLB,Andrew Miller,RP ,Cleveland Indians
MLB,Carlos Gomez,"LF,CF,RF",Texas Rangers
MLB,Hunter Pence,RF,San Fransisco Giants
MLB,Kendrys Morales,"1B,RF,DH",Toronto Blue Jays
MLB,Nick Castellanos,3B,Detroit Tigers
MLB,Michael Brantley,LF ,Cleveland Indians
MLB,A.J. Ramos,RP,New Yorks Mets
MLB,Didi Gregorius,SS,New Yorks Yankees
MLB,Jimmy Nelson,SP,Milwaukee Brewers
MLB,Travis Shaw,"1B,3B",Milwaukee Brewers
MLB,Dexter Fowler,CF,St. Louis Cardinals
MLB,Domingo Santana,RF,Milwaukee Brewers
MLB,Kyle Hendricks,SP,Chicago Cubs
MLB,Jonathan Lucroy,"C,1B,DH",Colorado Rockies
MLB,J.T. Realmuto,C,Miami Marlins
MLB,Scott Schebler,"LF,CF,RF",Cincinnati Reds
MLB,Felix Hernandez,SP ,Seattle Mariners
MLB,Yasiel Puig,RF,Los Angeles Dodgers
MLB,Ervin Santana,SP,Minnesota Twins
MLB,Sonny Gray,SP,New Yorks Yankees
MLB,Jackie Bradley,CF ,Boston Red Sox
MLB,Jose Berrios,SP,Minnesota Twins
MLB,Brett Gardner,"LF,CF,DH",New Yorks Yankees
MLB,Drew Pomeranz,SP,Boston Red Sox
MLB,John Lackey,SP,Chicago Cubs
MLB,Yasmani Grandal,C,Los Angeles Dodgers
MLB,Logan Morrison,"1B,DH",Tampa Bay Rays
MLB,Trey Mancini,"1B,LF,DH",Baltimore Orioles
MLB,Ian Happ,"2B,LF,CF,RF",Chicago Cubs
MLB,Felipe Rivero,RP,Pittsburgh Steelers
MLB,Rick Porcello,SP,Boston Red Sox
MLB,Sean Doolittle,RP,Washington Nationals
MLB,Carlos Beltran,"LF,RF,DH",Houston Astros
MLB,Steven Souza,RF,Tampa Bay Rays
MLB,Albert Pujols,"1B,DH",Los Angeles Angels of Anaheim
MLB,Whit Merrifield,"2B,LF,RF",Kansas City Royals
MLB,Jonathan Gray,SP,Colorado Rockies
MLB,Willson Contreras,"C,LF,1B ",Chicago Cubs
MLB,Brandon Belt,"1B,LF ",San Fransisco Giants
MLB,Brad Peacock,"SP,RP",Houston Astros
MLB,Zack Godley,"SP,RP",Arizona Diamondbacks
MLB,Noah Syndergaard,SP ,New Yorks Mets
MLB,Ryon Healy,"1B,3B,DH",Oakland A's
MLB,Tanner Roark,SP,Washington Nationals
MLB,Carlos Rodon,SP,Chicago White Sox
MLB,David Price,SP ,Boston Red Sox
MLB,Mark Reynolds,1B,Colorado Rockies
MLB,Michael Conforto,"LF,CF,RF ",New Yorks Mets
MLB,Jason Vargas,SP,Kansas City Royals
MLB,Kyle Schwarber,"C,LF,DH",Chicago Cubs
MLB,Taijuan Walker,SP,Arizona Diamondbacks
MLB,Paul DeJong,"2B,3B,SS",St. Louis Cardinals
MLB,Mitch Haniger,"LF,CF,RF",Seattle Mariners
MLB,Melky Cabrera,"LF,RF,DH",Kansas City Royals
MLB,Yadier Molina,C,St. Louis Cardinals
MLB,Javier Baez,"2B,3B,SS",Chicago Cubs
MLB,Starlin Castro,2B,New Yorks Yankees
MLB,Andrelton Simmons,SS,Los Angeles Angels of Anaheim
MLB,Rafael Devers,3B,Boston Red Sox
MLB,Justin Bour,1B ,Miami Marlins
MLB,Scooter Gennett,"2B,3B,LF,RF",Cincinnati Reds
MLB,Jonathan Villar,"2B,3B,SS",Milwaukee Brewers
MLB,Yulieski Gurriel,"1B,3B",Houston Astros
MLB,Marco Estrada,SP,Toronto Blue Jays
MLB,Evan Gattis,"C,DH",Houston Astros
MLB,Kevin Pillar,CF,Toronto Blue Jays
MLB,Michael Wacha,"SP,RP",St. Louis Cardinals
MLB,Raisel Iglesias,"SP,RP",Cincinnati Reds
MLB,Kenta Maeda,SP,Los Angeles Dodgers
MLB,Avisail Garcia,"LF,RF,DH",Chicago White Sox
MLB,Jerad Eickhoff,SP,Philadelphia Phillies
MLB,Max Kepler,"CF,RF",Minnesota Twins
MLB,Marcus Semien,SS,Oakland A's
MLB,Brad Hand,RP,San Diego Padres
MLB,Stephen Piscotty,"CF,RF",St. Louis Cardinals
MLB,Josh Harrison,"2B,3B,LF",Pittsburgh Steelers
MLB,Eduardo Rodriguez,SP,Boston Red Sox
MLB,Dylan Bundy,"SP,RP",Baltimore Orioles
MLB,Bradley Zimmer,CF,Cleveland Indians
MLB,Cameron Maybin,"LF,CF,RF",Los Angeles Angels of Anaheim
MLB,Cameron Bedrosian,RP,Los Angeles Angels of Anaheim
MLB,Tim Anderson,SS,Chicago White Sox
MLB,Lance Lynn,SP,St. Louis Cardinals
MLB,Jose Peraza,"2B,SS,LF,CF",Cincinnati Reds
MLB,Victor Martinez,"1B,DH ",Detroit Tigers
MLB,Addison Russell,SS ,Chicago Cubs
MLB,Eugenio Suarez,3B,Cincinnati Reds
MLB,Ivan Nova,"SP,RP",Pittsburgh Steelers
MLB,J.A. Happ,SP,Toronto Blue Jays
MLB,Matt Harvey,SP ,New Yorks Mets
MLB,Aaron Hicks,"LF,CF,RF",New Yorks Yankees
MLB,Tommy Pham,"LF,CF",St. Louis Cardinals
MLB,Matt Holliday,"1B,LF,DH ",New Yorks Yankees
MLB,Joey Gallo,"1B,3B,LF",Texas Rangers
MLB,Jarrod Dyson,"LF,CF,RF ",Seattle Mariners
MLB,Daniel Straily,SP,Miami Marlins
MLB,Julio Teheran,SP,Atlanta Braves
MLB,Clint Frazier,"LF,CF,RF ",New Yorks Yankees
MLB,Zack Cozart,SS,Cincinnati Reds
MLB,Brad Ziegler,RP,Miami Marlins
MLB,Josh Bell,"1B,RF",Pittsburgh Steelers
MLB,Jedd Gyorko,"1B,2B,3B,SS ",St. Louis Cardinals
MLB,Lucas Duda,"1B,DH",Tampa Bay Rays
MLB,Shin-Soo Choo,"RF,DH",Texas Rangers
MLB,Matt Adams,"1B,LF",Atlanta Braves
MLB,Michael Clevinger,"SP,RP",Cleveland Indians
MLB,Welington Castillo,"C,DH",Baltimore Orioles
MLB,Yonder Alonso,1B,Seattle Mariners
MLB,Brad Miller,"1B,2B,SS,DH",Tampa Bay Rays
MLB,David Robertson,RP,New Yorks Yankees
MLB,Michael Foltynewicz,SP,Atlanta Braves
MLB,Shane Greene,"SP,RP",Detroit Tigers
MLB,Matt Bush,RP ,Texas Rangers
MLB,Ben Zobrist,"2B,LF,RF,1B",Chicago Cubs
MLB,Logan Forsythe,"2B,3B",Los Angeles Dodgers
MLB,Mike Leake,SP,St. Louis Cardinals
MLB,Trevor Bauer,"SP,RP",Cleveland Indians
MLB,Ian Kennedy,SP,Kansas City Royals
MLB,Matt Wieters,C,Washington Nationals
MLB,Adrian Gonzalez,1B,Los Angeles Dodgers
MLB,Alex Cobb,SP,Tampa Bay Rays
MLB,Jason Heyward,"CF,RF",Chicago Cubs
MLB,Wilson Ramos,C,Tampa Bay Rays
MLB,Mike Zunino,C,Seattle Mariners
MLB,Mike Fiers,SP,Houston Astros
MLB,Tommy Joseph,1B,Philadelphia Phillies
MLB,Mike Napoli,"1B,DH",Texas Rangers
MLB,Zach Davies,SP,Milwaukee Brewers
MLB,Seung-Hwan Oh,RP,St. Louis Cardinals
MLB,Chase Anderson,SP,Milwaukee Brewers
MLB,Kolten Wong,"2B,CF",St. Louis Cardinals
MLB,Brandon McCarthy,"SP,RP ",Los Angeles Dodgers
MLB,Brian McCann,"C,DH",Houston Astros
MLB,Bud Norris,"SP,RP ",Los Angeles Angels of Anaheim
MLB,Tim Beckham,"1B,2B,SS",Baltimore Orioles
MLB,Arodys Vizcaino,RP,Atlanta Braves
MLB,Alexander Claudio,RP,Texas Rangers
MLB,Jacob Faria,SP ,Tampa Bay Rays
MLB,Kevin Kiermaier,CF,Tampa Bay Rays
MLB,Yoan Moncada,"2B,3B ",Chicago White Sox
MLB,Brad Brach,RP,Baltimore Orioles
MLB,Brandon Kintzler,RP,Washington Nationals
MLB,Charlie Morton,SP,Houston Astros
MLB,Luke Weaver,SP,St. Louis Cardinals
MLB,Adam Wainwright,SP ,St. Louis Cardinals
MLB,Jim Johnson,RP,Atlanta Braves
MLB,Sam Dyson,RP,San Fransisco Giants
MLB,Chris Devenski,"SP,RP",Houston Astros
MLB,Brandon Crawford,SS,San Fransisco Giants
MLB,Nick Williams,"LF,CF,RF",Philadelphia Phillies
MLB,Brandon Phillips,"2B,3B",Atlanta Braves
MLB,Neil Walker,2B,Milwaukee Brewers
MLB,Randal Grichuk,"LF,CF,RF",St. Louis Cardinals
MLB,Mitch Moreland,"1B,DH",Boston Red Sox
MLB,Hector Neris,RP,Philadelphia Phillies
MLB,Alex Avila,"C,1B,DH",Chicago Cubs
MLB,Curtis Granderson,"LF,CF,RF",Los Angeles Dodgers
MLB,Gerardo Parra,"1B,LF,CF,RF",Colorado Rockies
MLB,Keon Broxton,CF,Milwaukee Brewers
MLB,Brandon Maurer,RP,Kansas City Royals
MLB,Tyler Clippard,RP,Houston Astros
MLB,Lewis Brinson,"LF,CF ",Milwaukee Brewers
MLB,Blake Snell,SP,Tampa Bay Rays
MLB,Hyun-Jin Ryu,SP,Los Angeles Dodgers
MLB,Orlando Arcia,SS,Milwaukee Brewers
MLB,Jacoby Ellsbury,"CF,DH",New Yorks Yankees
MLB,Collin McHugh,SP,Houston Astros
MLB,Ryan Madson,RP ,Washington Nationals
MLB,Fernando Rodney,RP,Arizona Diamondbacks
MLB,C.J. Cron,1B,Los Angeles Angels of Anaheim
MLB,Howie Kendrick,"1B,2B,3B,LF",Washington Nationals
MLB,Justin Wilson,RP,Chicago Cubs
MLB,Ketel Marte,SS,Arizona Diamondbacks
MLB,Hunter Renfroe,RF ,San Diego Padres
MLB,Matt Moore,SP,San Fransisco Giants
MLB,Tony Watson,RP,Los Angeles Dodgers
MLB,Tyson Ross,SP,Texas Rangers
MLB,Juan Minaya,RP,Chicago White Sox
MLB,Aaron Altherr,"LF,CF,RF ",Philadelphia Phillies
MLB,Aaron Sanchez,SP ,Toronto Blue Jays
MLB,Jayson Werth,LF,Washington Nationals
MLB,Jeurys Familia,RP,New Yorks Mets
MLB,Ben Gamel,"LF,RF",Seattle Mariners
MLB,Luis Castillo,"SP,RP",Cincinnati Reds
MLB,Manuel Margot,CF,San Diego Padres
MLB,Blake Treinen,RP,Oakland A's
MLB,Nick Markakis,RF,Atlanta Braves
MLB,Mike Montgomery,"SP,RP",Chicago Cubs
MLB,C.J. Edwards,RP,Chicago Cubs
MLB,James McCann,C,Detroit Tigers
MLB,Patrick Corbin,"SP,RP",Arizona Diamondbacks
MLB,Steve Pearce,"1B,2B,LF,RF",Toronto Blue Jays
MLB,Michael Taylor,CF,Washington Nationals
MLB,Russell Martin,"C,3B ",Toronto Blue Jays
MLB,Kyle Barraclough,RP,Miami Marlins
MLB,Archie Bradley,"SP,RP",Arizona Diamondbacks
MLB,Tyler Fers,C,Atlanta Braves
MLB,Joc Pederson,CF ,Los Angeles Dodgers
MLB,Francisco Liriano,"SP,RP",Houston Astros
MLB,Travis d'Arnaud,C,New Yorks Mets
MLB,Daniel Norris,SP ,Detroit Tigers
MLB,Yan Gomes,C,Cleveland Indians
MLB,Devin Mesoraco,C ,Cincinnati Reds
MLB,Joe Musgrove,"SP,RP",Houston Astros
MLB,Jharel Cotton,SP,Oakland A's
MLB,Wilmer Flores,"1B,2B,3B",New Yorks Mets
MLB,Addison Reed,RP,Boston Red Sox
MLB,Jorge Soler,"LF,RF,DH ",Kansas City Royals
MLB,Austin Hedges,C,San Diego Padres
MLB,Neftali Feliz,RP ,Kansas City Royals
MLB,Francisco Rodriguez,RP ,Washington Nationals
NBA,Russell Westbrook,PG,Oklahoma City Thunder
NBA,James Harden,"PG,SG,SF",Houston Rockets
NBA,Kevin Durant,"SF,PF ",Golden State Warriors
NBA,Giannis Antetokounmpo,"PG,SG,SF,P",Milwaukee Bucs
NBA,Stephen Curry,"PG,SG",Golden State Warriors
NBA,Anthony Davis,"PF,C ",New Orleans Pelicans
NBA,Karl-Anthony Towns,C,Minnesota Timberwolves
NBA,Kawhi Leonard,"SG,SF,PF ",San Antonio Spurs
NBA,John Wall,PG,Washington Wizards
NBA,LeBron James,"SF,PF",Cleveland Cavaliers
NBA,Nikola Jokic,"PF,C ",Denver Nuggets
NBA,DeMarcus Cousins,"PF,C ",New Orleans Pelicans
NBA,Rudy Gobert,C,Utah Jazz
NBA,Isaiah Thomas,PG ,Cleveland Cavaliers
NBA,Paul George,"SF,PF",Oklahoma City Thunder
NBA,Jimmy Butler,"SG,SF",Minnesota Timberwolves
NBA,Chris Paul,PG,Houston Rockets
NBA,Hassan Whiteside,"C,PF ",Miami Heat
NBA,Kyrie Irving,"PG,SG ",Boston Celtics
NBA,Damian Lillard,PG ,Portland Trail Blazers
NBA,Kemba Walker,PG ,Charlotte Hornets
NBA,Gordon Hayward,"SG,SF",Boston Celtics
NBA,Draymond Green,"SF,PF,C ",Golden State Warriors
NBA,C.J. McCollum,"PG,SG ",Portland Trail Blazers
NBA,Joel Embiid,"PF,C ",Philadelphia 76ers
NBA,Kyle Lowry,PG,Toronto Raptors
NBA,Bradley Beal,SG,Washington Wizards
NBA,Mike Conley,PG ,Memphis Grizzlies
NBA,Klay Thompson,"SG,SF",Golden State Warriors
NBA,Kristaps Porzingis,"PF,C ",New York Knicks
NBA,Myles Turner,"PF,C",Indiana Pacers
NBA,DeMar DeRozan,"SG,SF ",Toronto Raptors
NBA,Eric Bledsoe,"PG,SG ",Pheonix Suns
NBA,Marc Gasol,C ,Memphis Grizzlies
NBA,Brook Lopez,C,Los Angeles Lakers
NBA,Goran Dragic,"PG,SG",Miami Heat
NBA,Jeff Teague,PG ,Minnesota Timberwolves
NBA,Khris Middleton,"SG,SF ",Milwaukee Bucs
NBA,Blake Griffin,"PF,C ",Los Angeles Clippers
NBA,Jusuf Nurkic,"C,PF ",Portland Trail Blazers
NBA,Otto Porter,"SF,PF",Washington Wizards
NBA,Kevin Love,"PF,C ",Cleveland Cavaliers
NBA,Paul Millsap,"PF,C ",Denver Nuggets
NBA,Ricky Rubio,PG,Utah Jazz
NBA,Serge Ibaka,"PF,C",Toronto Raptors
NBA,Carmelo Anthony,"SF,PF ",New York Knicks
NBA,Dennis Schroder,PG ,Atlanta Hawks
NBA,Nicolas Batum,"SG,SF ",Charlotte Hornets
NBA,DeAndre Jordan,C,Los Angeles Clippers
NBA,Andrew Wiggins,"SG,SF",Minnesota Timberwolves
NBA,Devin Booker,"SG,SF ",Pheonix Suns
NBA,Al Horford,"PF,C",Boston Celtics
NBA,Ben Simmons,"SF,PF ",Philadelphia 76ers
NBA,Jrue Holiday,PG,New Orleans Pelicans
NBA,LaMarcus Aldridge,"PF,C ",San Antonio Spurs
NBA,Marcin Gortat,C,Washington Wizards
NBA,Nikola Vucevic,"PF,C",Orlando Magic
NBA,Dario Saric,"SF,PF",Philadelphia 76ers
NBA,Jonas Valanciunas,C,Toronto Raptors
NBA,Andre Drummond,"PF,C",Detroit Pistons
NBA,Jae Crowder,"SF,PF ",Cleveland Cavaliers
NBA,Dwight Howard,"PF,C",Charlotte Hornets
NBA,Gorgui Dieng,"PF,C",Minnesota Timberwolves
NBA,Robert Covington,"SF,PF ",Philadelphia 76ers
NBA,Lou Williams,"PG,SG",Los Angeles Clippers
NBA,Jabari Parker,"SF,PF ",Milwaukee Bucs
NBA,Clint Capela,"PF,C",Houston Rockets
NBA,Harrison Barnes,"SF,PF",Dallas Mavericks
NBA,Tobias Harris,"SF,PF",Detroit Pistons
NBA,Zach Randolph,"PF,C",Sacramento Kings
NBA,Victor Oladipo,"PG,SG",Indiana Pacers
NBA,Zach LaVine,"PG,SG ",Chicago Bulls
NBA,Elfrid Payton,PG,Orlando Magic
NBA,Julius Randle,"PF,C",Los Angeles Lakers
NBA,Trevor Ariza,"SG,SF",Houston Rockets
NBA,George Hill,"PG,SG ",Sacramento Kings
NBA,D'Angelo Russell,"PG,SG ",Brooklyn Nets
NBA,Wilson Chandler,"SG,SF,PF",Denver Nuggets
NBA,Danilo Gallinari,"SF,PF ",Los Angeles Clippers
NBA,Dwyane Wade,"PG,SG,SF",Chicago Bulls
NBA,Rudy Gay,"SF,PF ",San Antonio Spurs
NBA,Evan Fournier,"SG,SF ",Orlando Magic
NBA,Avery Bradley,"PG,SG,SF ",Detroit Pistons
NBA,Lonzo Ball,G,Los Angeles Lakers
NBA,Markelle Fultz,G,Philadelphia 76ers
NBA,Kentavious Caldwell-Pope,SG ,Los Angeles Lakers
NBA,James Johnson,"SF,PF",Miami Heat
NBA,Patrick Beverley,"PG,SG",Los Angeles Clippers
NBA,Eric Gordon,SG,Houston Rockets
NBA,Dirk Nowitzki,"PF,C ",Dallas Mavericks
NBA,Jeremy Lin,"PG,SG",Brooklyn Nets
NBA,Steven Adams,C,Oklahoma City Thunder
NBA,Rajon Rondo,PG ,New Orleans Pelicans
NBA,Derrick Rose,PG ,Cleveland Cavaliers
NBA,Tim Hardaway Jr.,"SG,SF ",New York Knicks
NBA,Brandon Ingram,"SG,SF,PF ",Los Angeles Lakers
NBA,Pau Gasol,"PF,C",San Antonio Spurs
NBA,Jayson Tatum,F,Boston Celtics
NBA,Markieff Morris,"SF,PF,C",Washington Wizards
NBA,Nerlens Noel,"PF,C",Dallas Mavericks
NBA,Dennis Smith Jr.,G,Dallas Mavericks
NBA,Frank Kaminsky,"PF,C",Charlotte Hornets
NBA,Willy Hernangomez,C,New York Knicks
NBA,Jordan Clarkson,"PG,SG ",Los Angeles Lakers
NBA,Malcolm Brogdon,"PG,SG ",Milwaukee Bucs
NBA,Willie Cauley-Stein,"PF,C",Sacramento Kings
NBA,Taj Gibson,"PF,C ",Minnesota Timberwolves
NBA,Marquese Chriss,PF,Pheonix Suns
NBA,Wesley Matthews,"SG,SF ",Dallas Mavericks
NBA,Marcus Smart,"PG,SG",Boston Celtics
NBA,Darren Collison,"PG,SG ",Indiana Pacers
NBA,Dion Waiters,"SG,SF ",Miami Heat
NBA,Mason Plumlee,"PF,C ",Denver Nuggets
NBA,Gary Harris,"SG,SF ",Denver Nuggets
NBA,Greg Monroe,"PF,C",Milwaukee Bucs
NBA,Nikola Mirotic,"SF,PF,C",Chicago Bulls
NBA,Josh Jackson,G,Pheonix Suns
NBA,Kent Bazemore,"SG,SF ",Atlanta Hawks
NBA,Marcus Morris,"SF,PF",Boston Celtics
NBA,Robin Lopez,C,Chicago Bulls
NBA,Buddy Hield,"SG,SF",Sacramento Kings
NBA,Seth Curry,"PG,SG ",Dallas Mavericks
NBA,Rodney Hood,"SG,SF ",Utah Jazz
NBA,Tyler Johnson,"PG,SG",Miami Heat
NBA,Will Barton,"SG,SF ",Denver Nuggets
NBA,Justise Wins,"SF,PF,SG ",Miami Heat
NBA,Bojan Bogdanovic,"SG,SF ",Indiana Pacers
NBA,Marvin Williams,"SF,PF",Charlotte Hornets
NBA,T.J. Warren,SF,Pheonix Suns
NBA,Ersan Ilyasova,"SF,PF ",Atlanta Hawks
NBA,Reggie Jackson,"PG,SG ",Detroit Pistons
NBA,Courtney Lee,"SG,SF",New York Knicks
NBA,Tristan Thompson,"PF,C",Cleveland Cavaliers
NBA,Aaron Gordon,"SF,PF",Orlando Magic
NBA,Austin Rivers,"PG,SG,SF",Los Angeles Clippers
NBA,Thaddeus Young,"SF,PF",Indiana Pacers
NBA,Jahlil Okafor,C ,Philadelphia 76ers
NBA,Trevor Booker,PF ,Brooklyn Nets
NBA,Kelly Olynyk,C ,Miami Heat
NBA,J.J. Redick,SG ,Philadelphia 76ers
NBA,Tyreke Evans,"PG,SG,SF ",Memphis Grizzlies
NBA,Derrick Favors,"PF,C",Utah Jazz
NBA,Monta Ellis,"PG,SG",FA
NBA,Emmanuel Mudiay,PG ,Denver Nuggets
NBA,De'Aaron Fox,G,Sacramento Kings
NBA,Cody Zeller,"PF,C",Charlotte Hornets
NBA,Al-Farouq Aminu,"SF,PF",Portland Trail Blazers
NBA,Ryan Anderson,"PF,C",Houston Rockets
NBA,Deron Williams,PG,FA
NBA,Jamal Murray,"PG,SG ",Denver Nuggets
NBA,Matthew Dellavedova,"PG,SG",Milwaukee Bucs
NBA,T.J. McConnell,PG,Philadelphia 76ers
NBA,Moe Harkless,"SF,PF",Portland Trail Blazers
NBA,Kris Dunn,"PG,SG ",Chicago Bulls
NBA,Terrence Ross,"SG,SF",Orlando Magic
NBA,Joe Ingles,"SG,SF,PF",Utah Jazz
NBA,Richaun Holmes,"PF,C",Philadelphia 76ers
NHL,Connor McDavid,C,Edmonton Oilers
NHL,Sidney Crosby,C,Pittsburgh Penguins
NHL,Nikita Kucherov,RW,Tampa Bay Lightning
NHL,Patrick Kane,RW,Chicago Blackhawks
NHL,Brent Burns,D,San Jose Sharks
NHL,Jamie Benn,LW,Dallas Stars
NHL,Alex Ovechkin,LW,Washington Capitals
NHL,Carey Price,G,Montreal Canadiens
NHL,Auston Matthews,C,Toronto Maple Leafs
NHL,Brad Marchand,LW,Boston Bruins
NHL,Evgeni Malkin,C,Pittsburgh Penguins
NHL,Braden Holtby,G,Washington Capitals
NHL,Erik Karlsson,D,Ottawa Sentators
NHL,Vladimir Tarasenko,RW,St. Louis Blues
NHL,Matt Murray,G,Pittsburgh Penguins
NHL,Nicklas Backstrom,C,Washington Capitals
NHL,Tyler Seguin,C,Dallas Stars
NHL,Mark Scheifele,C,Winnipeg Jets
NHL,Cam Talbot,G,Edmonton Oilers
NHL,John Tavares,C,New York Islanders
NHL,Sergei Bobrovsky,G,Columbus Blue Jackets
NHL,Leon Draisaitl,C,Edmonton Oilers
NHL,Jack Eichel,C,Buffalo Sabres
NHL,Patrik Laine,LW,Winnipeg Jets
NHL,Joe Pavelski,C,San Jose Sharks
NHL,Dustin Byfuglien,D,Winnipeg Jets
NHL,Victor Hedman,D,Tampa Bay Lightning
NHL,Steven Stamkos,C,Tampa Bay Lightning
NHL,Artemi Panarin,LW,Columbus Blue Jackets
NHL,Blake Wheeler,RW,Winnipeg Jets
NHL,Max Pacioretty,LW,Montreal Canadiens
NHL,David Pastrnak,RW,Boston Bruins
NHL,Pekka Rinne,G,Nashville Predators
NHL,Patrice Bergeron,C,Boston Bruins
NHL,Wayne Simmonds,RW,Philadelphia Flyers
NHL,Tuukka Rask,G,Boston Bruins
NHL,Johnny Gaudreau,LW,Calgary Flames
NHL,Devan Dubnyk,G,Minnesota Wild
NHL,Ryan Getzlaf,C,Anaheim Ducks
NHL,Phil Kessel,RW,Pittsburgh Penguins
NHL,Filip Forsberg,LW,Nashville Predators
NHL,Roman Josi,D,Nashville Predators
NHL,Evgeny Kuznetsov,C,Washington Capitals
NHL,Jake Allen,G,St. Louis Blues
NHL,Martin Jones,G,San Jose Sharks
NHL,John Gibson,G,Anaheim Ducks
NHL,Shea Weber,D,Montreal Canadiens
NHL,P.K. Subban,D,Nashville Predators
NHL,Jonathan Quick,G,Los Angeles Kings
NHL,Andrei Vasilevskiy,G,Tampa Bay Lightning
NHL,Mike Hoffman,C,Ottawa Sentators
NHL,Corey Crawford,G,Chicago Blackhawks
NHL,Ryan Johansen,C,Nashville Predators
NHL,Anze Kopitar,C,Los Angeles Kings
NHL,Claude Giroux,RW,Philadelphia Flyers
NHL,Sean Monahan,C,Calgary Flames
NHL,Mitchell Marner,C,Toronto Maple Leafs
NHL,Jeff Carter,C,Los Angeles Kings
NHL,William Nylander,C,Toronto Maple Leafs
NHL,Rasmus Ristolainen,D,Buffalo Sabres
NHL,Kris Letang,D,Pittsburgh Penguins
NHL,Corey Perry,RW,Anaheim Ducks
NHL,Aleksander Barkov,C,Florida Panthers
NHL,Zachary Werenski,D,Columbus Blue Jackets
NHL,Ben Bishop,G,Dallas Stars
NHL,Drew Doughty,D,Los Angeles Kings
NHL,Kevin Shattenkirk,D,New York Rangers
NHL,Dougie Hamilton,D,Calgary Flames
NHL,Taylor Hall,LW,New Jersey Devils
NHL,Duncan Keith,D,Chicago Blackhawks
NHL,Frederik Andersen,G,Toronto Maple Leafs
NHL,Jonathan Toews,C,Chicago Blackhawks
NHL,Jonathan Huberdeau,C,Florida Panthers
NHL,Cam Atkinson,RW,Columbus Blue Jackets
NHL,Brayden Schenn,C,St. Louis Blues
NHL,T.J. Oshie,RW,Washington Capitals
NHL,Mikael Granlund,C,Minnesota Wild
NHL,Jonathan Drouin,LW,Montreal Canadiens
NHL,Alex Pietrangelo,D,St. Louis Blues
NHL,Logan Couture,C,San Jose Sharks
NHL,Oliver Ekman-Larsson,D,Arizona Coyotes
NHL,Alexander Radulov,LW,Dallas Stars
NHL,Torey Krug,D,Boston Bruins
NHL,Nikolaj Ehlers,LW,Winnipeg Jets
NHL,Jeff Skinner,C,Carolina Hurricanes
NHL,Nazem Kadri,C,Toronto Maple Leafs
NHL,John Klingberg,D,Dallas Stars
NHL,Jakub Voracek,RW,Philadelphia Flyers
NHL,Ryan Kesler,C,Anaheim Ducks
NHL,Milan Lucic,LW,Edmonton Oilers
NHL,Matthew Tkachuk,LW,Calgary Flames
NHL,Henrik Lundqvist,G,New York Rangers
NHL,Viktor Arvidsson,LW,Nashville Predators
NHL,James Van Riemsdyk,LW,Toronto Maple Leafs
NHL,Sebastian Aho,RW,Carolina Hurricanes
NHL,Alex Galchenyuk,C,Montreal Canadiens
NHL,Joe Thornton,C,San Jose Sharks
NHL,Shayne Gostisbehere,D,Philadelphia Flyers
NHL,Brandon Saad,LW,Chicago Blackhawks
NHL,Mark Giordano,D,Calgary Flames
NHL,Colton Parayko,D,St. Louis Blues
NHL,Eric Staal,C,Minnesota Wild
NHL,Ryan O'Reilly,C,Buffalo Sabres
NHL,Justin Schultz,D,Pittsburgh Penguins
NHL,James Neal,LW,Vegas Golden Knights
NHL,Rickard Rakell,RW,Anaheim Ducks
NHL,Patrick Maroon,LW,Edmonton Oilers
NHL,Patric Hornqvist,RW,Pittsburgh Penguins
NHL,Seth Jones,D,Columbus Blue Jackets
NHL,Ryan Suter,D,Minnesota Wild
NHL,Evander Kane,LW,Buffalo Sabres
NHL,Jordan Eberle,RW,New York Islanders
NHL,Jason Spezza,C,Dallas Stars
NHL,Nick Foligno,LW,Columbus Blue Jackets
NHL,Patrick Eaves,RW,Anaheim Ducks
NHL,Jakob Silfverberg,RW,Anaheim Ducks
NHL,Patrick Marleau,LW,Toronto Maple Leafs
NHL,Nino Niederreiter,RW,Minnesota Wild
NHL,Mark Stone,RW,Ottawa Sentators
NHL,Mike Smith,G,Calgary Flames
NHL,Alexander Steen,LW,St. Louis Blues
NHL,Mats Zuccarello,LW,New York Rangers
NHL,Craig Anderson,G,Ottawa Sentators
NHL,Kyle Okposo,RW,Buffalo Sabres
NHL,Cory Schneider,G,New Jersey Devils
NHL,Nathan MacKinnon,C,Colorado Avalanche
NHL,Justin Faulk,D,Carolina Hurricanes
NHL,Tyler Toffoli,C,Los Angeles Kings
NHL,Henrik Zetterberg,LW,Detroit Red Wings
NHL,Tyler Johnson,C,Tampa Bay Lightning
NHL,Bo Horvat,C,Vancouver Canucks
NHL,Jake Guentzel,LW,Pittsburgh Penguins
NHL,Kyle Palmieri,RW,New Jersey Devils
NHL,Matt Duchene,C,Colorado Avalanche
NHL,Ryan McDonagh,D,New York Rangers
NHL,Kyle Turris,C,Ottawa Sentators
NHL,Jaden Schwartz,LW,St. Louis Blues
NHL,Jake Gardiner,D,Toronto Maple Leafs
NHL,Chris Kreider,LW,New York Rangers
NHL,Alexander Wennberg,C,Columbus Blue Jackets
NHL,Anders Lee,C,New York Islanders
NHL,Vincent Trocheck,C,Florida Panthers
NHL,Brian Elliott,G,Philadelphia Flyers
NHL,David Backes,C,Boston Bruins
NHL,Scott Darling,G,Carolina Hurricanes
NHL,Andre Burakovsky,LW,Washington Capitals
NHL,Jaroslav Halak,G,New York Islanders
NHL,David Krejci,C,Boston Bruins
NHL,Zach Parise,LW,Minnesota Wild
NHL,Sam Reinhart,C,Buffalo Sabres
NHL,John Carlson,D,Washington Capitals
NHL,Brendan Gallagher,RW,Montreal Canadiens
NHL,Mikko Koivu,C,Minnesota Wild
NHL,Daniel Sedin,LW,Vancouver Canucks
NHL,Oscar Klefbom,D,Edmonton Oilers
NHL,Aaron Ekblad,D,Florida Panthers
NHL,Keith Yandle,D,Florida Panthers
NHL,Marcus Johansson,C,New Jersey Devils
NHL,Henrik Sedin,C,Vancouver Canucks
NHL,Robby Fabbri,C,St. Louis Blues
NHL,Conor Sheary,LW,Pittsburgh Penguins
NHL,Derick Brassard,C,Ottawa Sentators
NHL,Mathieu Perreault,C,Winnipeg Jets
NHL,Mika Zibanejad,C,New York Rangers
NHL,Max Domi,C,Arizona Coyotes
NHL,Derek Stepan,C,Arizona Coyotes
NHL,Robin Lehner,G,Buffalo Sabres
NHL,Boone Jenner,C,Columbus Blue Jackets
NHL,Ondrej Palat,LW,Tampa Bay Lightning
NHL,Gabriel Landeskog,LW,Colorado Avalanche
NHL,Bobby Ryan,RW,Ottawa Sentators
NHL,Dylan Larkin,C,Detroit Red Wings
NHL,Charlie Coyle,RW,Minnesota Wild
NHL,Adam Henrique,C,New Jersey Devils
NHL,James Reimer,G,Florida Panthers
NHL,Loui Eriksson,LW,Vancouver Canucks
NHL,Ryan Ellis,D,Nashville Predators
NHL,Cam Fowler,D,Anaheim Ducks
NHL,Mikael Backlund,C,Calgary Flames
NHL,Mike Cammalleri,C,Los Angeles Kings
NHL,Brandon Dubinsky,C,Columbus Blue Jackets
NHL,Vadim Shipachyov,C,Vegas Golden Knights
NHL,Tomas Plekanec,C,Montreal Canadiens
NHL,Tyson Barrie,D,Colorado Avalanche
NHL,Alec Martinez,D,Los Angeles Kings
NHL,Marc-Andre Fleury,G,Vegas Golden Knights
NHL,Tomas Hertl,C,San Jose Sharks
NHL,Bryan Little,C,Winnipeg Jets
NHL,Nick Schmaltz,C,Chicago Blackhawks
NHL,Brayden Point,C,Tampa Bay Lightning
NHL,Nico Hischier,C,New Jersey Devils
NHL,Nolan Patrick,C,Philadelphia Flyers
NHL,Mathew Dumba,D,Minnesota Wild
NHL,Jason Zucker,LW,Minnesota Wild
NHL,Jacob Trouba,D,Winnipeg Jets
NHL,Roberto Luongo,G,Florida Panthers
NHL,Andrew Ladd,LW,New York Islanders
NHL,Scott Hartnell,LW,Nashville Predators
NHL,Rick Nash,LW,New York Rangers
NHL,Radim Vrbata,RW,Florida Panthers
NHL,Jake Muzzin,D,Los Angeles Kings
NHL,Brent Seabrook,D,Chicago Blackhawks
NHL,Tanner Pearson,C,Los Angeles Kings
NHL,Craig Smith,C,Nashville Predators
NHL,Jared Spurgeon,D,Minnesota Wild
NHL,Johnny Boychuk,D,New York Islanders
NHL,Zdeno Chara,D,Boston Bruins
NHL,Victor Rask,C,Carolina Hurricanes
NHL,Justin Williams,RW,Carolina Hurricanes
NHL,Connor Hellebuyck,G,Winnipeg Jets
NHL,Paul Stastny,C,St. Louis Blues
NHL,Tomas Tatar,LW,Detroit Red Wings
NHL,Jussi Jokinen,LW,Edmonton Oilers
NHL,Nick Ritchie,LW,Anaheim Ducks
NHL,Nick Leddy,D,New York Islanders
NHL,Nick Bonino,C,Nashville Predators
NHL,Dmitry Orlov,D,Washington Capitals
NHL,J.T. Miller,C,New York Rangers
NHL,Thomas Greiss,G,New York Islanders
NHL,Josh Ho-Sang,RW,FA
NHL,Kevin Hayes,RW,New York Rangers
NHL,Matt Niskanen,D,Washington Capitals
NHL,Brady Skjei,D,New York Rangers
NHL,Ryan Nugent-Hopkins,C,Edmonton Oilers
NHL,Anthony Mantha,RW,Detroit Red Wings
NHL,Dion Phaneuf,D,Ottawa Sentators
NHL,Charlie McAvoy,D,Boston Bruins
NHL,Sami Vatanen,D,Anaheim Ducks
NHL,Nikita Zaitsev,D,Toronto Maple Leafs
NHL,Teuvo Teravainen,C,Carolina Hurricanes
NHL,Jesse Puljujarvi,RW,FA
NHL,Elias Lindholm,C,Carolina Hurricanes
NHL,Gustav Nyquist,RW,Detroit Red Wings
NHL,Frans Nielsen,C,Detroit Red Wings
NHL,Patrick Sharp,LW,Chicago Blackhawks
NHL,Ryan Strome,C,Edmonton Oilers
NHL,Marc-Edouard Vlasic,D,San Jose Sharks
NHL,Andrew Shaw,C,Montreal Canadiens
NHL,Jaromir Jagr,RW,FA
NHL,Reilly Smith,RW,Vegas Golden Knights
NHL,Alex Goligoski,D,Arizona Coyotes
NHL,Shea Theodore,D,Vegas Golden Knights
NHL,Jimmy Howard,G,Detroit Red Wings
NHL,Petr Mrazek,G,Detroit Red Wings
NHL,T.J. Brodie,D,Calgary Flames
NHL,Sam Bennett,C,Calgary Flames
NHL,Steve Mason,G,Winnipeg Jets
NHL,Dylan Strome,C,FA
NHL,Tyler Bozak,C,Toronto Maple Leafs
NHL,Radko Gudas,D,Philadelphia Flyers
NHL,Jaccob Slavin,D,Carolina Hurricanes
NHL,Anton Stralman,D,Tampa Bay Lightning
NHL,Alex Killorn,C,Tampa Bay Lightning
NHL,Jonathan Marchessault,C,Vegas Golden Knights
NHL,Morgan Rielly,D,Toronto Maple Leafs
NHL,Hampus Lindholm,D,Anaheim Ducks
NHL,Joonas Donskoi,RW,San Jose Sharks
NHL,Richard Panik,RW,Chicago Blackhawks
NHL,Trevor Daley,D,Detroit Red Wings
NHL,Martin Hanzal,C,Dallas Stars
NHL,Artem Anisimov,C,Chicago Blackhawks
NHL,Semyon Varlamov,G,Colorado Avalanche
NHL,Troy Brouwer,RW,Calgary Flames
NHL,David Savard,D,Columbus Blue Jackets
NHL,Antti Niemi,G,Pittsburgh Penguins
NHL,Chris Kunitz,LW,Tampa Bay Lightning
NHL,Mathew Barzal,C,FA
NHL,David Perron,LW,Vegas Golden Knights
NHL,Kari Lehtonen,G,Dallas Stars
NHL,Antti Raanta,G,Arizona Coyotes
NHL,Carl Soderberg,C,Colorado Avalanche
NHL,Mattias Ekholm,D,Nashville Predators
NHL,Kyle Connor,LW,FA
NHL,Clayton Keller,C,Arizona Coyotes
NHL,Ivan Provorov,D,Philadelphia Flyers
NHL,Tyson Jost,C,Colorado Avalanche
NHL,Nick Bjugstad,C,Florida Panthers
NHL,Brock Nelson,C,New York Islanders
NHL,Jimmy Vesey,LW,New York Rangers
NHL,Alexander Edler,D,Vancouver Canucks
NHL,Nick Holden,D,New York Rangers
NHL,Jason Pominville,RW,Buffalo Sabres
NHL,Mike Green,D,Detroit Red Wings
NHL,Ryan Miller,G,Anaheim Ducks
NHL,Michal Neuvirth,G,Philadelphia Flyers
NHL,Sean Couturier,C,Philadelphia Flyers
NHL,Kevin Fiala,LW,Nashville Predators
NHL,Justin Abdelkader,LW,Detroit Red Wings
NHL,Adam Larsson,D,Edmonton Oilers
NHL,Ryan Spooner,C,Boston Bruins
NHL,Jori Lehtera,C,Philadelphia Flyers
NHL,Shane Doan,RW,Arizona Coyotes
NHL,Leo Komarov,C,Toronto Maple Leafs
NHL,Philipp Grubauer,G,Washington Capitals
NHL,Anthony Duclair,LW,Arizona Coyotes
NHL,Jean-Gabriel Pageau,C,Ottawa Sentators
NHL,Michael Stone,D,Calgary Flames
NHL,Matt Beleskey,LW,Boston Bruins
NHL,Andreas Athanasiou,C,Detroit Red Wings
NHL,Mikko Rantanen,RW,Colorado Avalanche
NHL,Jordan Staal,C,Carolina Hurricanes
NHL,Dmitry Kulikov,D,Winnipeg Jets
NHL,Brock Boeser,RW,Vancouver Canucks
NHL,Nail Yakupov,RW,Colorado Avalanche
NHL,Cam Ward,G,Carolina Hurricanes
NHL,Vladislav Namestnikov,C,Tampa Bay Lightning
NHL,Carl Hagelin,LW,Pittsburgh Penguins
NHL,Radek Faksa,C,Dallas Stars
NHL,Niklas Kronwall,D,Detroit Red Wings
NHL,Tom Wilson,RW,Washington Capitals
NHL,Mikkel Boedker,RW,San Jose Sharks
NHL,Mark Streit,D,Montreal Canadiens
NHL,Tyler Ennis,LW,Minnesota Wild
NHL,Zack Smith,C,Ottawa Sentators
NHL,Damon Severson,D,New Jersey Devils
NHL,Erik Johnson,D,Colorado Avalanche
NHL,Jason Demers,D,Florida Panthers
NHL,Michael Hutchinson,G,Winnipeg Jets
NHL,Jarome Iginla,RW,Los Angeles Kings
NHL,Pavel Zacha,C,New Jersey Devils
NHL,Brandon Carlo,D,Boston Bruins
NHL,Lee Stempniak,RW,Carolina Hurricanes
NHL,Phillip Danault,C,Montreal Canadiens
NHL,Noah Hanifin,D,Carolina Hurricanes
NHL,Christian Dvorak,C,Arizona Coyotes
NHL,Marian Gaborik,RW,Los Angeles Kings
NHL,Frank Vatrano,C,Boston Bruins
NHL,Ian Cole,D,Pittsburgh Penguins
NHL,Francois Beauchemin,D,Anaheim Ducks
NHL,Jack Johnson,D,Columbus Blue Jackets
NHL,Ryan Callahan,RW,Tampa Bay Lightning
NHL,Olli Maatta,D,Pittsburgh Penguins
NHL,Sam Gagner,C,Vancouver Canucks
NHL,Alexandre Burrows,RW,Ottawa Sentators
